<?xml version="1.0" encoding="windows-1252"?>
<Collection name="Google Services" guid="{B071E394-A381-41E2-B3F9-7E2CC509A8C5}" system="Yes" updatable="Yes" blockNavigatorNode="No">
	<HelpLink></HelpLink>
	<Help></Help>
	<Addon name="Google jsapi" guid="{FD6DD24B-639C-443A-936E-C0849EAD063A}" type="Add-on">
		<Copy></Copy>
		<CopyText></CopyText>
		<ActiveXProgramID></ActiveXProgramID>
		<DotNetClass></DotNetClass>
		<ArgumentList></ArgumentList>
		<AsAjax>No</AsAjax>
		<Filter>No</Filter>
		<Help></Help>
		<HelpLink></HelpLink>
		<Icon Link="" width="0" height="0" sprites="0" />
		<InIframe>No</InIframe>
		<BlockEditTools>Yes</BlockEditTools>
		<FormXML></FormXML>
		<IsInline>No</IsInline>
		<JavascriptOnLoad></JavascriptOnLoad>
		<JavascriptInHead></JavascriptInHead>
		<JSHeadScriptSrc>https://www.google.com/jsapi</JSHeadScriptSrc>
		<JavascriptBodyEnd></JavascriptBodyEnd>
		<MetaDescription></MetaDescription>
		<OtherHeadTags></OtherHeadTags>
		<Content>No</Content>
		<Template>No</Template>
		<Email>No</Email>
		<Admin>No</Admin>
		<OnPageEndEvent>No</OnPageEndEvent>
		<OnPageStartEvent>No</OnPageStartEvent>
		<OnBodyStart>No</OnBodyStart>
		<OnBodyEnd>Yes</OnBodyEnd>
		<RemoteMethod>No</RemoteMethod>
		<ProcessRunOnce>No</ProcessRunOnce>
		<ProcessInterval>0</ProcessInterval>
		<PageTitle></PageTitle>
		<RemoteAssetLink></RemoteAssetLink>
		<Styles></Styles>
		<Scripting Language="" EntryPoint="" Timeout="5000"/>
	</Addon>
	<Addon name="Google Chart Table" guid="{84427548-26A4-4BDA-B465-6FBC2AF177D4}" type="Add-on">
		<Copy></Copy>
		<CopyText><![CDATA[
			<div  ng-app="gcApp" ng-controller="gcCtrl" ng-init="remoteData('$remoteAddon$');">
				<div id="table_div"></div>
			</div>]]></CopyText>
		<ActiveXProgramID></ActiveXProgramID>
		<DotNetClass></DotNetClass>
		<ArgumentList><![CDATA[remoteAddon=remoteAddonName]]></ArgumentList>
		<AsAjax>No</AsAjax>
		<Filter>No</Filter>
		<Help></Help>
		<HelpLink></HelpLink>
		<Icon Link="" width="0" height="0" sprites="0" />
		<InIframe>No</InIframe>
		<BlockEditTools>No</BlockEditTools>
		<FormXML></FormXML>
		<IncludeAddon name="Google jsapi" guid="{FD6DD24B-639C-443A-936E-C0849EAD063A}"/>
		<IncludeAddon name="AngularJs" guid="{ABE375ED-EB0D-4B13-B9BC-DF117210ADC4}"/>
		<IsInline>No</IsInline>
		<JavascriptOnLoad></JavascriptOnLoad>
		<JavascriptInHead><![CDATA[

			google.load("visualization", "1", {packages:["table"]});
			var catalogModule = angular.module('gcApp', []);
			catalogModule.service('dataSvc', function ($http) {
				this.fetchData = function(url) {
					return $http.get(url)
					.then( function(result){
						return result.data;
					}, function(error) {
						console.error( 'Error Parsing Json String' );
					})
				}
			});
			catalogModule.controller('gcCtrl', function(dataSvc, $scope,$location) {
				$scope.remoteData = function(url){
					dataSvc.fetchData(url).then(function(data){
						$scope.jsonDataTable = data;
						var data = new google.visualization.DataTable($scope.jsonDataTable);
						var table = new google.visualization.Table(document.getElementById('table_div'));
						table.draw(data, {showRowNumber: true});
					});
				}
			});

			]]></JavascriptInHead>
		<JavascriptBodyEnd></JavascriptBodyEnd>
		<MetaDescription></MetaDescription>
		<OtherHeadTags></OtherHeadTags>
		<Content>No</Content>
		<Template>No</Template>
		<Email>No</Email>
		<Admin>No</Admin>
		<OnPageEndEvent>No</OnPageEndEvent>
		<OnPageStartEvent>No</OnPageStartEvent>
		<OnBodyStart>No</OnBodyStart>
		<OnBodyEnd>No</OnBodyEnd>
		<RemoteMethod>No</RemoteMethod>
		<ProcessRunOnce>No</ProcessRunOnce>
		<ProcessInterval>0</ProcessInterval>
		<PageTitle></PageTitle>
		<RemoteAssetLink></RemoteAssetLink>
		<Styles></Styles>
		<Scripting Language="" EntryPoint="" Timeout="5000"/>
	</Addon>
	<ImportCollection name="AngularJs">{79FB201D-11F0-4BDB-9EBE-B200092FA4FF}</ImportCollection>
</Collection>